name,age,street,city,state,zip,lng,lat
Ashley Woodward,38,27679 Christina Ramp,Alexandraview,Wyoming,00536,54.190624,-76.3892275
Amanda Wright,39,510 Autumn Stream Suite 458,Kellyview,Rhode Island,99635,152.964299,-60.3574115
Carla Martinez,59,7312 Jones Islands,Tammyside,Pennsylvania,88120,170.129141,73.370592
Nicole Herrera,60,102 Kristina Pass Apt. 954,New Susanville,Alabama,94451,1.373490,15.500436
Cody Compton,42,469 Nicholas Islands,Port Frank,Wyoming,57693,76.753450,-76.724824
Jeremiah Francis,65,967 Reeves Harbor,Stephenview,Texas,40333,-8.698690,1.7824585
Mrs. Samantha Freeman DDS,57,50330 Melissa Spurs Apt. 326,Markton,Montana,64829,86.782520,-85.0889915
Timothy Meyers,18,278 Parrish Circles Suite 636,Courtneyhaven,Wisconsin,48851,-22.735004,-68.7287345
Michael Montoya,25,8090 Anthony Springs,Lake Angel,Maryland,84356,-53.975497,-33.229202
Justin Gibson,76,55403 Phillips Wells,South Edwardchester,Missouri,11481,-40.079429,64.8014295
Jordan Hines,78,629 Johnson Way,Rodriguezhaven,North Dakota,98691,18.072469,9.1782735
Brandon Edwards,37,81407 Samantha Hollow Suite 301,New James,Delaware,84106,9.876536,-30.096568
Krystal Lopez,76,665 Laura Inlet Apt. 153,Santiagoburgh,California,14841,-132.084167,2.584643
Carly Frey,55,26011 Barbara Lights,Sarahhaven,Idaho,47191,-130.411652,-8.9818575
Ricky Prince,46,032 Michelle Mission Suite 486,Erinland,Georgia,01054,-125.007268,61.7885185
Adam Jones,78,466 Cooke Shoal,North Joshuafort,Arizona,10825,102.512998,-2.2169415
Angelica Gonzalez,29,410 Marc Junctions,Mcclureberg,Arizona,26879,-135.120832,9.0517225
Donald Hernandez,28,884 Amanda Plain,North Donna,New Jersey,21429,27.633057,-59.7215985
Trevor Garcia,57,14413 Smith Rapids,East Mariafort,Delaware,82802,57.355601,14.098726
Kelsey Robinson,61,20160 Gonzalez Summit,Port Crystalmouth,South Carolina,30027,82.678406,-55.1573935
Jonathan Becker,35,402 Ryan Groves,Lake Shannonview,California,02522,104.812174,-56.271974
Diana Sanders PhD,57,2532 Perez Hollow Suite 477,Martintown,Idaho,65178,162.822400,72.254591
Kevin White,41,462 Ryan Brook Suite 366,Wardfort,North Dakota,83518,-20.552498,-15.368169
Jennifer Russell,64,7882 Mcdonald Union,Lake Carlshire,North Carolina,36136,83.518338,-7.1776525
Donna Blair,80,10424 Collins Underpass,Port Sarahaven,South Dakota,05782,1.599468,-42.1978375
William George,53,193 Brian Inlet,Nicolestad,New Hampshire,61166,-53.412748,-45.5037495
Steven Robinson II,77,305 Mcguire Prairie Apt. 223,Port Troyton,Alaska,77521,179.402068,-43.383253
Jennifer Harris,70,6274 Banks Port,Michellechester,Michigan,10032,31.206224,-69.2151575
Joseph Pratt,50,67317 Harris Union,Amandaburgh,Alabama,70098,101.312120,-69.049253
Jennifer Benjamin,38,7458 Matthew Locks Apt. 397,Troychester,South Carolina,48077,135.683096,74.3460415
Nancy White,60,508 Peggy Falls Suite 038,East Lee,New York,36374,-89.195976,-75.685500
Sabrina Briggs,47,0135 Tina Walk Suite 092,North Lee,Nebraska,93004,13.842008,14.251018
John Morales,70,8072 Jeff Hollow Apt. 862,East Michaelville,North Carolina,87106,136.664089,1.828708
Jeffery Carr,29,56428 Stephanie Divide,Howardmouth,Nevada,42014,137.855526,-48.707350
Philip Marshall,66,4286 Huynh Ridge Apt. 578,Zavalafort,Oregon,20164,-10.090291,9.777481
Charles Stuart,20,67614 Mario Glens,Port Adam,Louisiana,83677,-140.816473,-68.1383115
Andrew Chavez,62,486 Howard River Apt. 386,South Joshuastad,Illinois,20879,-63.828163,59.0398455
James Garcia,40,76633 Erik Bypass,Floresville,Idaho,52955,118.525053,57.5828325
Brianna Johnson,78,8845 Brooks Mall Suite 776,West Alexandrastad,Nebraska,24128,-82.206374,-7.762839
Kelly Davis,28,983 Baxter Station Apt. 830,Ashleyville,Mississippi,95441,-162.267458,67.244098
Sean Buckley,25,45236 Montoya Stravenue,Huntstad,Ohio,97842,-98.117860,-15.207771
Nicholas Parks,32,93684 Laura Orchard,East Pamelamouth,Mississippi,69405,88.986008,49.156307
Jose Williams,64,960 Sarah Groves Suite 630,East Bethanyland,Arizona,29077,-62.396284,33.281894
Gabriel Waters,60,3823 Moss Port Suite 653,Barrshire,Nevada,95690,116.127953,19.565925
Haley Oneal,73,95996 Lamb Knolls,North Jeremyshire,Ohio,50244,153.231337,-5.8670555
Mr. Brandon Mason,23,732 Kelly Points Apt. 668,Lake Richardfurt,Georgia,82815,22.294458,39.401875
Casey Valdez,79,5845 Casey River,Lake Andrew,Kentucky,81350,78.140652,-84.798973
Bradley Brown,57,455 Anderson Plaza Suite 460,Gonzalezfurt,California,11169,-29.650100,77.488738
Christie Adams,27,1669 Michael Rest Suite 356,Thomashaven,New Jersey,70444,-50.153220,-22.715918
Derek Williams,39,5254 Todd Circles,East Richard,West Virginia,69417,18.269394,65.133780
Robert Farley,44,122 Allen Rapids,Sarahville,South Carolina,60305,-5.577121,33.4115385
Kristen Hatfield,78,066 Rebecca Ramp,North Savannah,Iowa,26763,68.922171,34.446827
Felicia Carson,65,50549 Jacob Road,East Tinaburgh,Mississippi,35712,99.717211,-43.1031355
Raven Mullins,80,4444 Michael Island Apt. 945,South Erikaland,West Virginia,73106,130.375401,-37.599229
Jordan Nichols,19,65928 Joanna Parks,Kevinton,Florida,08638,-86.571402,-62.826036
Erika Coleman,47,1878 Jackson Center,South Christopher,Missouri,69256,-18.440170,-70.6445085
Alyssa Alvarado,64,8275 Ashley Ports,Robertfort,Oklahoma,91236,-49.436183,89.569616
Natalie Green,42,4378 Smith Wall Apt. 776,West Zachary,Tennessee,26139,-9.325905,-4.967127
Kelly Rojas,71,164 Sanders Shoal Apt. 496,Simstown,Louisiana,22811,-8.184676,18.322671
Paul Morris,74,094 Nicholas Row Apt. 880,Lopezville,Colorado,33896,124.271141,16.9448495
Brittany Hayes,47,925 Andrade Mill,Matthewmouth,Mississippi,05576,-85.741300,53.488345
Kari Williams,20,3837 Anthony Stravenue,Curtisfurt,New Hampshire,74573,-175.406006,-29.6949195
Antonio Newman,58,3820 Blair Motorway,Russellfort,Montana,46693,92.888239,-8.239406
Tracey Martinez,60,4813 Perez Ferry Suite 205,East Cynthia,Montana,50571,18.912102,-48.5733865
Mrs. Brandi Jones,19,1288 Peterson Lane Apt. 108,New Rebecca,Michigan,96299,166.560948,-37.915907
Noah Stark,79,98181 Williams Stream Apt. 553,Brianview,Pennsylvania,65056,-78.824155,-58.4400455
Maxwell Pierce,26,656 Meghan Divide Suite 450,Sergiochester,Texas,67783,-27.145192,-78.271011
David Campbell,43,784 Joshua Village,Andrewsborough,Rhode Island,08261,-54.303679,-35.2135125
Kristi Graham,48,6386 Samuel Estates,East Susan,Wyoming,47191,104.642653,15.415106
Deanna Watkins,56,273 Ann Plaza Suite 281,Port Aprilfort,West Virginia,25258,-52.674367,-69.5318675
Adam Adams,60,2883 Levine Circles,Richardton,Illinois,12302,-58.653262,4.1638985
Jason Myers,47,9505 Garrett Prairie,North Wayneborough,South Dakota,29282,-119.168955,47.500469
Cindy Rodriguez,66,53088 Giles Fords,Cookton,Kansas,66073,-55.176908,-50.5737845
Greg Thompson,40,7057 Tiffany Drives Apt. 706,Joseborough,Pennsylvania,06659,41.425752,-35.256357
Jessica Torres,68,9802 Jackson Prairie Apt. 770,Reginabury,Montana,78269,52.100969,22.1061875
Adrian Alexander Jr.,73,22493 Matthew Keys,West Mollyfurt,Kansas,94320,-140.015194,-22.1455215
Zachary Wallace,19,137 Stone Freeway Apt. 479,West Erikmouth,Nevada,06367,-134.566617,-5.2057595
Jacob Hunt,26,82705 Nicole Wall Apt. 015,Williamston,Maryland,01060,-11.866544,34.646288
Brittany Smith,19,383 Michele Ridges,Jamesland,Alaska,11780,-43.651467,-67.8026975
Amber Hall,58,2351 Munoz Forks,North Johnbury,Hawaii,62044,132.385045,-27.6311845
Kelly Dennis,19,2539 Brown Fort,Fordburgh,Kentucky,41904,-142.127581,40.7492795
Mary Hall,40,418 Kelsey Shore Apt. 553,Jasonburgh,North Carolina,21361,127.513408,44.772494
Michael Ferguson,79,677 Miller Isle Apt. 836,Taylorside,North Dakota,84248,-175.279398,84.007155
Tara Scott,57,473 Cantrell Ville Apt. 241,East Ashleychester,Texas,14182,-40.048267,-78.521249
Lindsay Swanson,40,5604 John Glens Apt. 669,North Danatown,Kansas,75462,-15.733469,86.123128
Shannon Franklin,35,8508 Mark Ford,Cookbury,Idaho,45272,-129.052988,48.8264055
Mason Lozano,50,8224 Jason Roads Apt. 147,West Paulberg,Colorado,68824,-100.633801,69.6282445
Natalie Morris,56,41779 Duncan Port,Jonesland,Washington,36039,7.848878,37.6450735
Eric Alvarado,66,69685 Huynh Squares,Selenaview,New Mexico,82693,-118.098263,25.1983705
Kristopher Carroll,21,7972 Benjamin Lights,Travisberg,New York,36533,-23.231966,21.5386375
Rodney Wagner,42,44106 Watts Parks Suite 317,Port Veronica,Wisconsin,06337,66.259758,33.3919005
Michelle Stone,62,078 Brian Lake Suite 675,Port Sarah,Wyoming,91878,156.043659,-29.2147415
Brenda Quinn,67,20109 Brown Cliff Suite 711,Markmouth,Michigan,26090,-35.858704,73.340696
Alyssa Butler,18,95682 Nathaniel Wall,Leeport,New Hampshire,59649,104.725597,15.6517645
Jared Paul,29,4003 Bonilla Crossing,Schroederstad,Kentucky,29843,-94.354979,78.7585435
Donna Henson,72,18881 Bradley Locks Suite 681,West Angela,California,79645,24.443653,22.449666
Laura Ochoa,69,881 Manuel View,South Elizabethview,Ohio,50635,15.270187,31.9998735
Dylan Parker,30,2005 Vanessa Branch,South Tracy,Hawaii,18231,65.686691,-89.604744
Melissa Carter,52,93054 Danielle Drive,Barreraville,Colorado,69690,-113.950172,-88.170892
Katrina Quinn,36,2281 Daniel Walks,Lake Scottberg,Arizona,94396,39.215239,16.0062435
